number, RTT, Drift, t0, t1, t2, t3
1,0.316498995,-0.371415496,39:23.9,39:23.4,39:23.4,39:23.6
2,0.151678562,-0.452780724,39:34.1,39:33.6,39:33.6,39:33.9
3,0.20126462,-0.473022819,39:44.3,39:43.7,39:43.7,39:44.1
4,0.151875257,-0.44992125,39:54.4,39:53.9,39:53.9,39:54.3
5,0.152676821,-0.452272058,40:04.6,40:04.1,40:04.1,40:04.4
6,0.151582241,-0.452512503,40:14.8,40:14.2,40:14.2,40:14.6
7,0.148982763,-0.452022195,40:24.9,40:24.4,40:24.4,40:24.8
8,0.156009912,-0.453134656,40:35.1,40:34.5,40:34.5,40:34.9
9,0.161837816,-0.447583318,40:45.2,40:44.7,40:44.7,40:45.1
10,0.177166939,-0.442108631,40:55.4,40:54.9,40:54.9,40:55.2
11,0.154061079,-0.451402307,41:05.6,41:05.0,41:05.0,41:05.4
12,0.262011051,-0.504944801,41:15.8,41:15.2,41:15.2,41:15.6
13,0.043779373,-0.442073822,41:25.9,41:25.4,41:25.4,41:25.8
14,0.030348301,-0.456502199,41:35.9,41:35.4,41:35.4,41:35.9
15,0.023344278,-0.45176518,41:45.9,41:45.5,41:45.5,41:45.9
16,0.069875717,-0.474364996,41:56.0,41:55.5,41:55.5,41:55.9
17,0.022656202,-0.452528834,42:06.0,42:05.6,42:05.6,42:06.0
18,0.023992538,-0.451506138,42:16.1,42:15.6,42:15.6,42:16.0
19,0.140090466,-0.510761261,42:26.2,42:25.6,42:25.6,42:26.1
20,0.019536018,-0.451567173,42:36.2,42:35.8,42:35.8,42:36.2
21,0.021697521,-0.452900887,42:46.3,42:45.8,42:45.8,42:46.2
22,0.329730749,-0.594988227,42:56.6,42:55.8,42:55.8,42:56.3
23,0.03015089,-0.446324587,43:06.6,43:06.2,43:06.2,43:06.6
24,0.025300741,-0.454273343,43:16.6,43:16.2,43:16.2,43:16.6
25,0.02214551,-0.452445626,43:26.7,43:26.2,43:26.2,43:26.6
26,0.019403696,-0.45171082,43:36.7,43:36.2,43:36.2,43:36.7
27,0.021746874,-0.452557445,43:46.7,43:46.3,43:46.3,43:46.7
28,-0.131302357,-0.144780636,43:56.6,43:56.5,43:56.5,43:56.7
29,0.192073345,-0.021310091,44:06.8,44:06.7,44:06.7,44:06.6
30,0.154096127,-0.002237082,44:16.9,44:16.9,44:16.9,44:16.8
31,0.154642105,4.36E-05,44:27.1,44:27.0,44:27.0,44:26.9
32,0.392920256,-0.118172526,44:37.5,44:37.2,44:37.2,44:37.1
33,0.153960228,-0.003061056,44:47.6,44:47.6,44:47.6,44:47.5
34,0.342793465,-0.096323729,44:58.0,44:57.7,44:57.7,44:57.6
35,0.157200098,-0.000747085,45:08.2,45:08.1,45:08.1,45:08.0
36,0.163554907,-0.00572598,45:18.3,45:18.2,45:18.2,45:18.2
37,0.162491798,-0.003642321,45:28.5,45:28.4,45:28.4,45:28.3
38,0.149617195,-0.001424074,45:38.6,45:38.6,45:38.6,45:38.5
39,0.158280849,-0.000937462,45:48.8,45:48.7,45:48.7,45:48.6
40,0.15446353,-0.003260255,45:59.0,45:58.9,45:58.9,45:58.8
41,0.152434349,-0.003908634,46:09.1,46:09.0,46:09.0,46:09.0
42,0.155233622,-0.002382636,46:19.3,46:19.2,46:19.2,46:19.1
43,0.342195034,-0.055969238,46:29.6,46:29.4,46:29.4,46:29.3
44,0.173821211,0.004607558,46:39.8,46:39.7,46:39.7,46:39.6
45,0.40305233,-0.126346588,46:50.2,46:49.9,46:49.9,46:49.8
46,0.161839247,0.000470281,47:00.4,47:00.3,47:00.3,47:00.2
47,0.218229294,-0.035078287,47:10.6,47:10.4,47:10.4,47:10.4
48,0.167713642,0.003061771,47:20.8,47:20.7,47:20.7,47:20.6
49,0.168242216,0.001116395,47:30.9,47:30.8,47:30.8,47:30.8
50,0.156508446,-0.003114939,47:41.1,47:41.0,47:41.0,47:40.9
51,0.158852339,-0.004154325,47:51.2,47:51.2,47:51.2,47:51.1
52,0.158382416,-0.004362106,48:01.4,48:01.3,48:01.3,48:01.2
53timeout,,,,,,
54,0.164062023,-0.00012064,48:24.6,48:24.5,48:24.5,48:24.4
55,0.158214092,-0.002491236,48:34.7,48:34.7,48:34.7,48:34.6
56,0.156240463,-0.00372529,48:44.9,48:44.8,48:44.8,48:44.7
57,0.159688234,-0.004284739,48:55.1,48:55.0,48:55.0,48:54.9
58,0.336127043,0.085912347,49:05.4,49:05.3,49:05.3,49:05.1
59,0.159906864,-0.001853466,49:15.6,49:15.5,49:15.5,49:15.4
60,0.159255743,-0.001770377,49:25.7,49:25.6,49:25.6,49:25.6
61,0.24251008,-0.031155944,49:36.0,49:35.8,49:35.8,49:35.7
62,0.159035444,-0.002148509,49:46.1,49:46.1,49:46.1,49:46.0
63timeout,,,,,,
64,0.173686504,-0.009017706,50:09.3,50:09.2,50:09.2,50:09.2
65,0.157752037,-0.002636671,50:19.5,50:19.4,50:19.4,50:19.3
66,0.177040339,-0.001301169,50:29.7,50:29.6,50:29.6,50:29.5
67timeout,,,,,,
68,0.177406311,0.006411076,50:52.9,50:52.8,50:52.8,50:52.7
69,0.264980078,-0.057300925,51:03.1,51:02.9,51:02.9,51:02.9
70,0.162708282,-0.007930517,51:13.3,51:13.2,51:13.2,51:13.1
71,0.176492214,-0.003076315,51:23.5,51:23.4,51:23.4,51:23.3
72,0.166699648,-0.008364558,51:33.6,51:33.5,51:33.5,51:33.5
73,0.22137475,0.029888034,51:43.9,51:43.8,51:43.8,51:43.6
74,0.157311678,-0.004893184,51:54.0,51:53.9,51:53.9,51:53.9
75,0.44894433,-0.131008506,52:04.5,52:04.1,52:04.1,52:04.0
76,0.155755758,-0.0066396,52:14.6,52:14.5,52:14.5,52:14.5
77,0.156869888,-0.005256653,52:24.8,52:24.7,52:24.7,52:24.6
78,0.163062334,-0.000717759,52:35.0,52:34.9,52:34.9,52:34.8
79,0.155398846,-0.003691435,52:45.1,52:45.0,52:45.0,52:45.0
80,0.150193691,-0.005517483,52:55.3,52:55.2,52:55.2,52:55.1
81,0.160409451,-0.001742601,53:05.4,53:05.3,53:05.3,53:05.3
82,0.161216736,-0.000680208,53:15.6,53:15.5,53:15.5,53:15.4
83,0.169777393,-0.002797842,53:25.8,53:25.7,53:25.7,53:25.6
84,0.161670208,-0.001156092,53:35.9,53:35.9,53:35.9,53:35.8
85,0.299525023,-0.028301358,53:46.2,53:46.1,53:46.1,53:45.9
86,0.190547943,-0.015496969,53:56.4,53:56.3,53:56.3,53:56.2
87,0.733681679,-0.292608261,54:07.2,54:06.5,54:06.5,54:06.4
88,0.931407928,0.18289566,54:18.1,54:17.8,54:17.8,54:17.2
89,0.157761097,-0.00732255,54:28.3,54:28.2,54:28.2,54:28.1
90,0.174500942,-0.019389629,54:38.4,54:38.3,54:38.3,54:38.3
91,0.155745983,-0.008073807,54:48.6,54:48.5,54:48.5,54:48.4
92,0.157820702,-0.006680489,54:58.8,54:58.7,54:58.7,54:58.6
93,0.154520273,-0.006813169,55:08.9,55:08.8,55:08.8,55:08.8
94,0.157001257,-0.00831306,55:19.1,55:19.0,55:19.0,55:18.9
95,0.163116217,-0.007047772,55:29.2,55:29.2,55:29.2,55:29.1
96,0.180071592,3.61E-05,55:39.4,55:39.3,55:39.3,55:39.3
97,0.155765295,-0.008982301,55:49.6,55:49.5,55:49.5,55:49.4
98,0.192505598,-0.025017142,55:59.8,55:59.7,55:59.7,55:59.6
99,0.203242064,-0.021258473,56:10.0,56:09.9,56:09.9,56:09.8
100,0.163344383,-0.00523901,56:20.2,56:20.1,56:20.1,56:20.0
101,0.303355694,-0.0820086,56:30.5,56:30.2,56:30.2,56:30.2
102,0.159080029,-0.006083727,56:40.6,56:40.5,56:40.5,56:40.5
103,0.213698387,-0.020144939,56:50.8,56:50.7,56:50.7,56:50.6
104,0.1671381,-0.011990309,57:01.0,57:00.9,57:00.9,57:00.8
105,0.168543339,-0.011959314,57:11.2,57:11.1,57:11.1,57:11.0
106,0.182343483,-0.007341146,57:21.4,57:21.3,57:21.3,57:21.2
107,0.179033995,-0.007715106,57:31.6,57:31.5,57:31.5,57:31.4
108,0.166740179,-0.0127455,57:41.7,57:41.6,57:41.6,57:41.6
109,0.167818546,-0.012973785,57:51.9,57:51.8,57:51.8,57:51.7
110,0.366655827,-0.110628605,58:02.3,58:02.0,58:02.0,58:01.9
111,0.226285934,-0.04480195,58:12.5,58:12.3,58:12.3,58:12.3
112,0.177378416,-0.00759232,58:22.7,58:22.6,58:22.6,58:22.5
113,0.172994852,-0.009960771,58:32.9,58:32.8,58:32.8,58:32.7
114,0.179659843,-0.008116007,58:43.0,58:42.9,58:42.9,58:42.9
115,0.164744616,-0.014064431,58:53.2,58:53.1,58:53.1,58:53.0
116,0.167819023,-0.013125896,59:03.4,59:03.3,59:03.3,59:03.2
117,0.197412729,-0.027766109,59:13.6,59:13.5,59:13.5,59:13.4
118,0.177602053,-0.003765464,59:23.8,59:23.7,59:23.7,59:23.6
119,0.169213295,-0.007147074,59:33.9,59:33.8,59:33.8,59:33.8
120,0.165975094,-0.008091927,59:44.1,59:44.0,59:44.0,59:43.9
121,0.265257359,-0.063036442,59:54.4,59:54.2,59:54.2,59:54.1
122timeout,,,,,,
123,0.16219902,-0.013536453,00:17.5,00:17.4,00:17.4,00:17.4
124timeout,,,,,,
125,0.182548285,-0.004214644,00:40.7,00:40.6,00:40.6,00:40.5
126,0.161986828,-0.014449596,00:50.9,00:50.8,00:50.8,00:50.7
127timeout,,,,,,
128,0.260533571,-0.063111901,01:14.2,01:14.0,01:14.0,01:13.9
129,0.166128159,-0.015816927,01:24.3,01:24.2,01:24.2,01:24.2
130,0.163735628,-0.012058616,01:34.5,01:34.4,01:34.4,01:34.3
131,0.165510178,-0.012864828,01:44.7,01:44.6,01:44.6,01:44.5
132,0.168424129,-0.002722979,01:54.8,01:54.8,01:54.8,01:54.7
133,0.15241003,-0.013239622,02:05.0,02:04.9,02:04.9,02:04.8
134,0.17127347,-0.017382979,02:15.2,02:15.1,02:15.1,02:15.0
135,0.152677536,-0.010772228,02:25.3,02:25.2,02:25.2,02:25.2
136,0.154842615,-0.007420897,02:35.5,02:35.4,02:35.4,02:35.3
137,0.153785706,-0.011292934,02:45.6,02:45.5,02:45.5,02:45.5
138,0.154004097,-0.012989521,02:55.8,02:55.7,02:55.7,02:55.6
139,0.210711002,-0.039595842,03:06.0,03:05.9,03:05.9,03:05.8
140,0.218750954,-0.044102192,03:16.2,03:16.1,03:16.1,03:16.0
141,0.14730382,-0.011845708,03:26.4,03:26.3,03:26.3,03:26.2
142,0.297898293,-0.076397657,03:36.7,03:36.5,03:36.5,03:36.4
143,0.156567574,-0.01249218,03:46.8,03:46.7,03:46.7,03:46.7
144,0.155604124,-0.010745168,03:57.0,03:56.9,03:56.9,03:56.8
145,0.154355526,-0.012490034,04:07.2,04:07.1,04:07.1,04:07.0
146,0.157498837,-0.012706041,04:17.3,04:17.2,04:17.2,04:17.2
147,0.177417278,-0.002102613,04:27.5,04:27.4,04:27.4,04:27.3
148,0.15018177,-0.015994072,04:37.6,04:37.6,04:37.6,04:37.5
149,0.152320623,-0.014360547,04:47.8,04:47.7,04:47.7,04:47.6
150,0.157865286,-0.014469266,04:58.0,04:57.9,04:57.9,04:57.8
151,0.163937569,-0.014312506,05:08.1,05:08.0,05:08.0,05:08.0
152,0.149026394,-0.014304876,05:18.3,05:18.2,05:18.2,05:18.1
153,0.153064251,-0.014726162,05:28.4,05:28.4,05:28.4,05:28.3
154,0.174522638,-0.020113349,05:38.6,05:38.5,05:38.5,05:38.4
155,0.155687571,-0.01317513,05:48.8,05:48.7,05:48.7,05:48.6
156,0.154816628,-0.017065763,05:58.9,05:58.8,05:58.8,05:58.8
157,0.156197786,-0.013922095,06:09.1,06:09.0,06:09.0,06:08.9
158,0.159610987,-0.017278075,06:19.3,06:19.2,06:19.2,06:19.1
159,0.166749477,-0.011294842,06:29.4,06:29.3,06:29.3,06:29.3
160,0.161997795,-0.016125202,06:39.6,06:39.5,06:39.5,06:39.4
161,0.165248871,-0.012590885,06:49.8,06:49.7,06:49.7,06:49.6
162,0.17291379,-0.006116509,06:59.9,06:59.8,06:59.8,06:59.8
163,0.268308401,-0.070983768,07:10.2,07:10.0,07:10.0,07:09.9
164,0.172786951,-0.006906152,07:20.4,07:20.3,07:20.3,07:20.2
165,0.166190147,-0.010560036,07:30.6,07:30.5,07:30.5,07:30.4
166,0.158906221,-0.013965249,07:40.7,07:40.6,07:40.6,07:40.6
167,0.153286219,-0.017341495,07:50.9,07:50.8,07:50.8,07:50.7
168,0.240517378,-0.059672236,08:01.1,08:00.9,08:00.9,08:00.9
169,0.160147429,-0.013925433,08:11.3,08:11.2,08:11.2,08:11.1
170,0.151725531,-0.017965198,08:21.4,08:21.3,08:21.3,08:21.3
171,0.154652834,-0.017279983,08:31.6,08:31.5,08:31.5,08:31.4
172,0.167408228,-0.01025641,08:41.8,08:41.7,08:41.7,08:41.6
173,0.15481782,-0.017665505,08:51.9,08:51.8,08:51.8,08:51.8
174,0.1584692,-0.015159845,09:02.1,09:02.0,09:02.0,09:01.9
175,0.343202353,-0.099357486,09:12.4,09:12.2,09:12.2,09:12.1
176,0.153080225,-0.018316865,09:22.6,09:22.5,09:22.5,09:22.4
177,0.294565916,0.048680425,09:32.9,09:32.8,09:32.8,09:32.6
178,0.156780005,-0.018311858,09:43.0,09:42.9,09:42.9,09:42.9
179,0.156481981,-0.016994834,09:53.2,09:53.1,09:53.1,09:53.0
180,0.149568558,-0.017414808,10:03.4,10:03.3,10:03.3,10:03.2
181,0.290709496,-0.089329958,10:13.6,10:13.4,10:13.4,10:13.4
182,0.151087284,-0.019279242,10:23.8,10:23.7,10:23.7,10:23.7
183,0.164342642,-0.017940879,10:34.0,10:33.9,10:33.9,10:33.8
184,0.153625488,-0.021168232,10:44.1,10:44.0,10:44.0,10:44.0
185,0.148366451,-0.018557549,10:54.3,10:54.2,10:54.2,10:54.1
186,0.239403486,-0.05789578,11:04.5,11:04.3,11:04.3,11:04.3
187,0.158961773,-0.021941185,11:14.7,11:14.6,11:14.6,11:14.5
188,0.26377368,-0.06495297,11:24.9,11:24.8,11:24.8,11:24.7
189,0.148798943,-0.018808365,11:35.1,11:35.0,11:35.0,11:34.9
190,0.171664476,-0.015570521,11:45.3,11:45.2,11:45.2,11:45.1
191,0.157356024,-0.020035625,11:55.4,11:55.3,11:55.3,11:55.3
192,0.176515102,-0.013233662,12:05.6,12:05.5,12:05.5,12:05.4
193,0.158195734,-0.019390225,12:15.8,12:15.7,12:15.7,12:15.6
194,0.152314186,-0.020855427,12:25.9,12:25.8,12:25.8,12:25.8
195,0.170078993,-0.017471671,12:36.1,12:36.0,12:36.0,12:35.9
196,0.153815031,-0.023313403,12:46.3,12:46.2,12:46.2,12:46.1
197,0.379251003,-0.13549161,12:56.6,12:56.3,12:56.3,12:56.3
198,0.155916929,-0.019822955,13:06.8,13:06.7,13:06.7,13:06.7
199,0.321063757,-0.105117679,13:17.1,13:16.9,13:16.9,13:16.8
200,0.206039429,-0.049722195,13:27.3,13:27.2,13:27.2,13:27.1
201,0.158470154,-0.023120642,13:37.5,13:37.4,13:37.4,13:37.3
202,0.147285938,-0.021706581,13:47.7,13:47.6,13:47.6,13:47.5
203,0.156905413,-0.022670388,13:57.8,13:57.7,13:57.7,13:57.7
204,0.154145241,-0.023280859,14:08.0,14:07.9,14:07.9,14:07.8
205,0.157202005,-0.024943709,14:18.1,14:18.0,14:18.0,14:18.0
206,0.153262377,-0.025551677,14:28.3,14:28.2,14:28.2,14:28.1
207,0.187034607,-0.013782024,14:38.5,14:38.4,14:38.4,14:38.3
208,0.386116028,-0.130335569,14:48.9,14:48.5,14:48.5,14:48.5
209,0.164521456,-0.024756312,14:59.0,14:58.9,14:58.9,14:58.9
210,0.31530118,-0.103569865,15:09.3,15:09.1,15:09.1,15:09.0
211,0.300500393,0.011477709,15:19.7,15:19.5,15:19.5,15:19.4
212,0.161319017,-0.026131511,15:29.8,15:29.7,15:29.7,15:29.7
213,0.16740489,-0.023313403,15:40.0,15:39.9,15:39.9,15:39.8
214,0.157928705,-0.028314948,15:50.1,15:50.0,15:50.0,15:50.0
215,0.160587311,-0.027404785,16:00.3,16:00.2,16:00.2,16:00.2
216,0.246222734,-0.069553733,16:10.6,16:10.4,16:10.4,16:10.3
217,0.164566278,-0.028333068,16:20.7,16:20.6,16:20.6,16:20.6
218,0.161597013,-0.027173638,16:30.9,16:30.8,16:30.8,16:30.7
219,0.248959541,-0.071469784,16:41.1,16:41.0,16:41.0,16:40.9
220,0.161966562,-0.026895165,16:51.3,16:51.2,16:51.2,16:51.2
221,0.187315226,-0.040409923,17:01.5,17:01.4,17:01.4,17:01.3
222,0.188994646,-0.01361382,17:11.7,17:11.6,17:11.6,17:11.5
223,0.160136938,-0.028636098,17:21.9,17:21.8,17:21.8,17:21.7
224,0.241066933,-0.067786694,17:32.1,17:31.9,17:31.9,17:31.9
225,0.158759356,-0.029348254,17:42.3,17:42.2,17:42.2,17:42.1
226,0.15916276,-0.029356122,17:52.4,17:52.3,17:52.3,17:52.3
227,0.167126179,-0.025442362,18:02.6,18:02.5,18:02.5,18:02.4
228,0.162729502,-0.027799726,18:12.8,18:12.7,18:12.7,18:12.6
229,0.188709736,-0.014868498,18:23.0,18:22.8,18:22.8,18:22.8
230,0.158741236,-0.030517697,18:33.1,18:33.0,18:33.0,18:33.0
231,0.161096573,-0.02991581,18:43.3,18:43.2,18:43.2,18:43.1
232,0.230018616,-0.065542221,18:53.5,18:53.3,18:53.3,18:53.3
233,0.164050341,-0.027597308,19:03.7,19:03.6,19:03.6,19:03.5
234,0.163491249,-0.028281689,19:13.9,19:13.7,19:13.7,19:13.7
235,0.16091156,-0.03145647,19:24.0,19:23.9,19:23.9,19:23.9
236,0.159262657,-0.031344414,19:34.2,19:34.1,19:34.1,19:34.0
237,0.170989513,-0.029946804,19:44.4,19:44.2,19:44.2,19:44.2
238,0.273465157,-0.095147848,19:54.6,19:54.4,19:54.4,19:54.4
239,0.219205141,-0.069552541,20:04.9,20:04.7,20:04.7,20:04.6
240,0.152764559,-0.036073804,20:15.0,20:14.9,20:14.9,20:14.9
241,0.244293928,-0.072785974,20:25.3,20:25.1,20:25.1,20:25.0
242,0.163417816,-0.03325963,20:35.4,20:35.3,20:35.3,20:35.3
243,0.313009262,-0.118315935,20:45.7,20:45.5,20:45.5,20:45.4
244,0.157086134,-0.037980437,20:55.9,20:55.8,20:55.8,20:55.7
245,0.157520294,-0.039330721,21:06.1,21:05.9,21:05.9,21:05.9
246,0.161910295,-0.042485118,21:16.2,21:16.1,21:16.1,21:16.1
247,0.160284996,-0.039009571,21:26.4,21:26.3,21:26.3,21:26.2
248,0.157326937,-0.039908528,21:36.6,21:36.4,21:36.4,21:36.4
249,0.164433002,-0.034737349,21:46.7,21:46.6,21:46.6,21:46.6
250,0.240451574,-0.045040488,21:57.0,21:56.8,21:56.8,21:56.7
251,0.165225506,-0.037394762,22:07.1,22:07.0,22:07.0,22:07.0
252,0.326702356,-0.088819385,22:17.5,22:17.2,22:17.2,22:17.1
253,0.153286457,-0.030988932,22:27.6,22:27.5,22:27.5,22:27.5
254,0.158803225,-0.02968204,22:37.8,22:37.7,22:37.7,22:37.6
255,0.157487154,-0.026296735,22:47.9,22:47.8,22:47.8,22:47.8
256,0.166321278,-0.02641511,22:58.1,22:58.0,22:58.0,22:57.9
257,0.157553434,-0.029060245,23:08.3,23:08.2,23:08.2,23:08.1
258,0.168648958,-0.021449447,23:18.4,23:18.3,23:18.3,23:18.3
259,0.162725449,-0.026567221,23:28.6,23:28.5,23:28.5,23:28.4
260,0.154449701,-0.030538917,23:38.8,23:38.7,23:38.7,23:38.6
261,0.323264837,-0.111990333,23:49.1,23:48.8,23:48.8,23:48.8
262,0.152290344,-0.029996872,23:59.2,23:59.1,23:59.1,23:59.1
263,0.322706699,-0.10880971,24:09.6,24:09.3,24:09.3,24:09.2
264,0.158254385,-0.029722333,24:19.7,24:19.6,24:19.6,24:19.6
265,0.171574593,-0.022787571,24:29.9,24:29.8,24:29.8,24:29.7
266,0.158341885,-0.03036046,24:40.1,24:40.0,24:40.0,24:39.9
267,0.181098461,-0.013954878,24:50.2,24:50.1,24:50.1,24:50.1
268,0.149436951,-0.033019304,25:00.4,25:00.3,25:00.3,25:00.3
269,0.153254509,-0.031913519,25:10.6,25:10.4,25:10.4,25:10.4
270,0.150771379,-0.031322122,25:20.7,25:20.6,25:20.6,25:20.6
271timeout,,,,,,
272,0.164535999,-0.036456585,25:43.9,25:43.8,25:43.8,25:43.7
273,0.144526482,-0.030454874,25:54.0,25:53.9,25:53.9,25:53.9
274,0.146931171,-0.031985283,26:04.2,26:04.1,26:04.1,26:04.0
275,0.162268639,-0.038764477,26:14.3,26:14.2,26:14.2,26:14.2
276,0.146881104,-0.032353163,26:24.5,26:24.4,26:24.4,26:24.3
277,0.149647951,-0.029468894,26:34.6,26:34.5,26:34.5,26:34.5
278,0.149754047,-0.032586813,26:44.8,26:44.7,26:44.7,26:44.7
279,0.146024704,-0.031039715,26:55.0,26:54.9,26:54.9,26:54.8
280,0.205413818,-0.060893059,27:05.2,27:05.0,27:05.0,27:05.0
281,0.147680521,-0.033619285,27:15.3,27:15.2,27:15.2,27:15.2
282,0.312710285,-0.088903904,27:25.6,27:25.4,27:25.4,27:25.3
283,0.160037279,-0.029361367,27:35.8,27:35.7,27:35.7,27:35.6
284,0.158354282,-0.030189037,27:46.0,27:45.8,27:45.8,27:45.8
285,0.185454369,-0.016626358,27:56.1,27:56.0,27:56.0,27:56.0
286,0.155150414,-0.032533169,28:06.3,28:06.2,28:06.2,28:06.1
287,0.158489227,-0.030338764,28:16.5,28:16.4,28:16.4,28:16.3
288,0.163339376,-0.029209733,28:26.6,28:26.5,28:26.5,28:26.5
289,0.162617445,-0.030481219,28:36.8,28:36.7,28:36.7,28:36.6
290,0.157690287,-0.031515241,28:47.0,28:46.8,28:46.8,28:46.8
291,0.370226383,-0.137274981,28:57.3,28:57.0,28:57.0,28:57.0
292,0.154874325,-0.033755064,29:07.5,29:07.4,29:07.4,29:07.3
293,0.306669235,-0.109942913,29:17.8,29:17.5,29:17.5,29:17.5
294,0.153170347,-0.033781171,29:28.0,29:27.8,29:27.8,29:27.8
295,0.158112288,-0.03158915,29:38.1,29:38.0,29:38.0,29:38.0
296,0.167806149,-0.034609318,29:48.3,29:48.2,29:48.2,29:48.1
297,0.179280281,-0.026871681,29:58.5,29:58.4,29:58.4,29:58.3
298,0.169517994,-0.032951355,30:08.6,30:08.5,30:08.5,30:08.5
299,0.163188934,-0.033656836,30:18.8,30:18.7,30:18.7,30:18.6
300,0.160224199,-0.033720136,30:29.0,30:28.9,30:28.9,30:28.8
301,0.163938046,-0.029036522,30:39.1,30:39.0,30:39.0,30:39.0
302timeout,,,,,,
303,0.170500278,-0.02832818,31:02.3,31:02.2,31:02.2,31:02.1
304timeout,,,,,,
305,0.281935453,-0.09664166,31:25.6,31:25.4,31:25.4,31:25.3
306,0.164471865,-0.036221385,31:35.8,31:35.6,31:35.6,31:35.6
307,0.168892622,-0.032276034,31:45.9,31:45.8,31:45.8,31:45.8
308,0.160640478,-0.032211661,31:56.1,31:56.0,31:56.0,31:55.9
309,0.162382603,-0.033194304,32:06.3,32:06.2,32:06.2,32:06.1
310,0.162727118,-0.037911057,32:16.4,32:16.3,32:16.3,32:16.3
311,0.043962002,-0.026072979,32:26.5,32:26.4,32:26.4,32:26.4
312,0.020999908,-0.037724018,32:36.5,32:36.5,32:36.5,32:36.5
313,0.021397114,-0.035418749,32:46.5,32:46.5,32:46.5,32:46.5
314,0.025704861,-0.039735317,32:56.6,32:56.5,32:56.5,32:56.5
315,0.018866062,-0.03716135,33:06.6,33:06.5,33:06.5,33:06.6
316,0.031183243,-0.035291672,33:16.6,33:16.6,33:16.6,33:16.6
317,0.061685085,-0.042910337,33:26.7,33:26.6,33:26.6,33:26.6
318,0.033988714,-0.032242417,33:36.7,33:36.7,33:36.7,33:36.7
319,0.021687746,-0.038938642,33:46.7,33:46.7,33:46.7,33:46.7
320,0.048820734,-0.023056626,33:56.8,33:56.7,33:56.7,33:56.7
321,0.082524538,-0.060257316,34:06.9,34:06.8,34:06.8,34:06.8
322,0.020383358,-0.03765893,34:16.9,34:16.9,34:16.9,34:16.9
323,0.023512125,-0.038055062,34:26.9,34:26.9,34:26.9,34:26.9
324,0.021560431,-0.03684032,34:37.0,34:36.9,34:36.9,34:36.9
325,0.024761677,-0.035358191,34:47.0,34:46.9,34:46.9,34:47.0
326,0.472779274,0.116007566,34:57.5,34:57.3,34:57.3,34:57.0
327,0.158383369,-0.041704655,35:07.6,35:07.5,35:07.5,35:07.5
328,0.179736376,-0.052198768,35:17.8,35:17.7,35:17.7,35:17.6
329,0.156683683,-0.039733052,35:28.0,35:27.8,35:27.8,35:27.8
330,0.157690763,-0.041614652,35:38.1,35:38.0,35:38.0,35:38.0
331,0.195514917,-0.059714675,35:48.3,35:48.2,35:48.2,35:48.1
332,0.161577225,-0.040279865,35:58.5,35:58.4,35:58.4,35:58.3
333,0.157802343,-0.041802526,36:08.7,36:08.5,36:08.5,36:08.5
334,0.258794069,-0.093259215,36:18.9,36:18.7,36:18.7,36:18.7
335,0.219348669,-0.046314597,36:29.1,36:29.0,36:29.0,36:28.9
336,0.163594484,-0.037999988,36:39.3,36:39.2,36:39.2,36:39.1
337,0.204253435,-0.065613866,36:49.5,36:49.4,36:49.4,36:49.3
338,0.163598061,-0.038208008,36:59.7,36:59.6,36:59.6,36:59.5
339,0.23692894,-0.083565474,37:09.9,37:09.7,37:09.7,37:09.7
340,0.160831928,-0.039681673,37:20.1,37:20.0,37:20.0,37:19.9
341,0.184925318,-0.035026193,37:30.3,37:30.2,37:30.2,37:30.1
342,0.15854907,-0.041503787,37:40.4,37:40.3,37:40.3,37:40.3
343,0.165541172,-0.042647839,37:50.6,37:50.5,37:50.5,37:50.4
344,0.161644697,-0.039733291,38:00.8,38:00.7,38:00.7,38:00.6
345,0.210156679,-0.02131474,38:11.0,38:10.9,38:10.9,38:10.8
346,0.179944754,-0.045356154,38:21.2,38:21.0,38:21.0,38:21.0
347,0.163507462,-0.044966459,38:31.3,38:31.2,38:31.2,38:31.2
348,0.27154994,-0.067777991,38:41.6,38:41.4,38:41.4,38:41.3
349,0.156697273,-0.04039669,38:51.8,38:51.6,38:51.6,38:51.6
350,0.365264893,-0.141762733,39:02.1,39:01.8,39:01.8,39:01.8
351,0.158141375,-0.039938092,39:12.3,39:12.2,39:12.2,39:12.1
352,0.157279253,-0.040503144,39:22.5,39:22.3,39:22.3,39:22.3
353,0.164508343,-0.036956549,39:32.6,39:32.5,39:32.5,39:32.5
354,0.157483578,-0.040571213,39:42.8,39:42.7,39:42.7,39:42.6
355timeout,,,,,,
356,0.037890911,-0.034578323,40:05.8,40:05.8,40:05.8,40:05.8
357,0.020675421,-0.043432593,40:15.9,40:15.8,40:15.8,40:15.8
358,0.119975567,-0.093772173,40:26.0,40:25.8,40:25.8,40:25.9
359,0.021339178,-0.044703364,40:36.0,40:35.9,40:35.9,40:36.0
360,0.030999422,-0.039858937,40:46.0,40:46.0,40:46.0,40:46.0
361,0.185136795,-0.123422623,40:56.2,40:56.0,40:56.0,40:56.0
362,0.029112101,-0.047101855,41:06.3,41:06.2,41:06.2,41:06.2
363,0.021425009,-0.04242456,41:16.3,41:16.2,41:16.2,41:16.3
364,0.020056248,-0.04392004,41:26.3,41:26.3,41:26.3,41:26.3
365,0.028965235,-0.048855662,41:36.3,41:36.3,41:36.3,41:36.3
366,0.022594213,-0.042093873,41:46.4,41:46.3,41:46.3,41:46.3
367,0.025290251,-0.040794253,41:56.4,41:56.3,41:56.3,41:56.4
368,0.023196459,-0.044586062,42:06.4,42:06.4,42:06.4,42:06.4
369,0.118648052,-0.09398818,42:16.6,42:16.4,42:16.4,42:16.4
370,0.027593851,-0.048035979,42:26.6,42:26.5,42:26.5,42:26.6
371,1.31542325,0.531582713,42:37.9,42:37.8,42:37.8,42:36.6
372,0.162396193,-0.046118617,42:48.1,42:47.9,42:47.9,42:47.9
373,0.162700176,-0.046891689,42:58.2,42:58.1,42:58.1,42:58.1
374,0.161873341,-0.046680212,43:08.4,43:08.3,43:08.3,43:08.2
375,0.174071789,-0.037775278,43:18.6,43:18.4,43:18.4,43:18.4
376,0.158488035,-0.046307445,43:28.7,43:28.6,43:28.6,43:28.6
377,0.162124157,-0.046843052,43:38.9,43:38.8,43:38.8,43:38.7
378,0.158874035,-0.045615911,43:49.1,43:48.9,43:48.9,43:48.9
379,0.173615217,-0.038870454,43:59.2,43:59.1,43:59.1,43:59.1
380,0.160138369,-0.045313478,44:09.4,44:09.3,44:09.3,44:09.2
381,0.158012152,-0.046758533,44:19.6,44:19.4,44:19.4,44:19.4
382,0.268658876,-0.099854589,44:29.8,44:29.6,44:29.6,44:29.6
383,0.163826227,-0.046689153,44:40.0,44:39.9,44:39.9,44:39.8
384,0.363203049,-0.140192747,44:50.4,44:50.0,44:50.0,44:50.0
385,0.160541773,-0.047923684,45:00.5,45:00.4,45:00.4,45:00.4
386,0.327984571,0.044766784,45:10.9,45:10.7,45:10.7,45:10.5
387,0.151715994,-0.042998195,45:21.0,45:20.9,45:20.9,45:20.9
388,0.150061369,-0.044521928,45:31.2,45:31.1,45:31.1,45:31.0
389,0.153133631,-0.042360425,45:41.3,45:41.2,45:41.2,45:41.2
390,0.161014318,-0.040986419,45:51.5,45:51.4,45:51.4,45:51.3
391,0.157739878,-0.040388465,46:01.7,46:01.5,46:01.5,46:01.5
392,0.149134874,-0.044451594,46:11.8,46:11.7,46:11.7,46:11.7
393,0.250887156,-0.08684051,46:22.1,46:21.8,46:21.8,46:21.8
394,0.158032417,-0.041688204,46:32.2,46:32.1,46:32.1,46:32.1
395,0.290420532,-0.115123987,46:42.5,46:42.3,46:42.3,46:42.2
396,0.153483629,-0.042534947,46:52.7,46:52.6,46:52.6,46:52.5
397,0.149262667,-0.044003129,47:02.8,47:02.7,47:02.7,47:02.7
398,0.238033533,-0.078199983,47:13.1,47:12.9,47:12.9,47:12.8
399,0.149694681,-0.044384122,47:23.2,47:23.1,47:23.1,47:23.1
400,0.15455389,-0.042497873,47:33.4,47:33.3,47:33.3,47:33.2
401,0.254983187,0.000793099,47:43.6,47:43.5,47:43.5,47:43.4
402,0.159618378,-0.050878286,47:53.8,47:53.7,47:53.7,47:53.6
403,0.179377556,-0.034834623,48:04.0,48:03.8,48:03.8,48:03.8
404,0.260364771,-0.104845881,48:14.2,48:14.0,48:14.0,48:14.0
405,0.157325506,-0.045811772,48:24.4,48:24.3,48:24.3,48:24.2
406,0.170824289,-0.041366935,48:34.6,48:34.4,48:34.4,48:34.4
407,0.15446353,-0.047783017,48:44.7,48:44.6,48:44.6,48:44.6
408,0.149662018,-0.047477245,48:54.9,48:54.8,48:54.8,48:54.7
409,0.146688461,-0.048937559,49:05.0,49:04.9,49:04.9,49:04.9
410,0.154246569,-0.045148015,49:15.2,49:15.1,49:15.1,49:15.0
411,0.155341148,-0.047920227,49:25.4,49:25.2,49:25.2,49:25.2
412,0.151335001,-0.049470782,49:35.5,49:35.4,49:35.4,49:35.4
413,0.158785105,-0.051730275,49:45.7,49:45.5,49:45.5,49:45.5
414,0.157561541,-0.051805377,49:55.8,49:55.7,49:55.7,49:55.7
415,0.156770468,-0.05186522,50:06.0,50:05.9,50:05.9,50:05.8
416,0.370811701,0.056027532,50:16.4,50:16.2,50:16.2,50:16.0
417,0.165519714,-0.048535824,50:26.5,50:26.4,50:26.4,50:26.4
418,0.205512762,-0.071834445,50:36.7,50:36.6,50:36.6,50:36.5
419,0.163258791,-0.048718333,50:46.9,50:46.8,50:46.8,50:46.7
420,0.157136917,-0.048587322,50:57.1,50:56.9,50:56.9,50:56.9
421,0.165989876,-0.04658556,51:07.2,51:07.1,51:07.1,51:07.1
422,0.161915541,-0.048906207,51:17.4,51:17.3,51:17.3,51:17.2
423,0.16170907,-0.04892695,51:27.6,51:27.4,51:27.4,51:27.4
424,0.165430546,-0.044902563,51:37.7,51:37.6,51:37.6,51:37.6
425,0.155848503,-0.050545692,51:47.9,51:47.8,51:47.8,51:47.7
426,0.161001921,-0.049733043,51:58.1,51:57.9,51:57.9,51:57.9
427,0.325322151,-0.120234728,52:08.4,52:08.1,52:08.1,52:08.1
428,0.162568569,-0.049598455,52:18.6,52:18.4,52:18.4,52:18.4
429,0.157911301,-0.049599648,52:28.7,52:28.6,52:28.6,52:28.6
430,0.161702394,-0.049858689,52:38.9,52:38.7,52:38.7,52:38.7
431,0.295399666,0.014731169,52:49.2,52:49.0,52:49.0,52:48.9
432,0.156815767,-0.054439902,52:59.3,52:59.2,52:59.2,52:59.2
433,0.159397125,-0.05419898,53:09.5,53:09.4,53:09.4,53:09.3
434,0.158801317,-0.051133037,53:19.7,53:19.5,53:19.5,53:19.5
435,0.1587677,-0.053772211,53:29.8,53:29.7,53:29.7,53:29.7
436,0.337226868,-0.142978907,53:40.2,53:39.8,53:39.8,53:39.8
437,0.164893627,-0.052430868,53:50.3,53:50.2,53:50.2,53:50.2
438,0.175385714,-0.061983705,54:00.5,54:00.4,54:00.4,54:00.3
439,0.165966034,-0.049368143,54:10.7,54:10.5,54:10.5,54:10.5
440,0.158555984,-0.054987907,54:20.8,54:20.7,54:20.7,54:20.7
441,0.297864676,-0.12351501,54:31.1,54:30.9,54:30.9,54:30.8
442,0.15575695,-0.053589582,54:41.3,54:41.2,54:41.2,54:41.1
443,0.159889221,-0.05439496,54:51.5,54:51.3,54:51.3,54:51.3
444,0.156833172,-0.053332567,55:01.6,55:01.5,55:01.5,55:01.5
445timeout,,,,,,
446,0.209957838,-0.034076095,55:24.8,55:24.7,55:24.7,55:24.6
447,0.160816431,-0.050517678,55:35.0,55:34.9,55:34.9,55:34.8
448,0.208737135,-0.066772342,55:45.2,55:45.0,55:45.0,55:45.0
449,0.159756899,-0.051592946,55:55.4,55:55.3,55:55.3,55:55.2
450timeout,,,,,,
451,0.15517664,-0.054344893,56:18.6,56:18.4,56:18.4,56:18.4
452,0.188355446,-0.06722641,56:28.7,56:28.6,56:28.6,56:28.6
453,0.160612106,-0.05362463,56:38.9,56:38.8,56:38.8,56:38.7
454,0.157689095,-0.052893639,56:49.1,56:48.9,56:48.9,56:48.9
455,0.159166336,-0.054461241,56:59.2,56:59.1,56:59.1,56:59.1
456,0.162563324,-0.051692963,57:09.4,57:09.3,57:09.3,57:09.2
457,0.15682292,-0.053915381,57:19.6,57:19.4,57:19.4,57:19.4
458,0.163628817,-0.052741408,57:29.7,57:29.6,57:29.6,57:29.6
459,0.209336042,-0.081529021,57:39.9,57:39.8,57:39.8,57:39.7
460,0.155462027,-0.054763675,57:50.1,57:50.0,57:50.0,57:49.9
461,0.523361444,0.130581975,58:00.6,58:00.5,58:00.5,58:00.1
462,0.162756443,-0.048788786,58:10.8,58:10.7,58:10.7,58:10.6
463,0.146723509,-0.054431081,58:20.9,58:20.8,58:20.8,58:20.8
464,0.157712936,-0.051815033,58:31.1,58:31.0,58:31.0,58:30.9
465,0.174592257,-0.043847203,58:41.3,58:41.1,58:41.1,58:41.1
466,0.153517723,-0.054274082,58:51.4,58:51.3,58:51.3,58:51.3
467,0.149449825,-0.055598736,59:01.6,59:01.5,59:01.5,59:01.4
468,0.147865534,-0.054283738,59:11.7,59:11.6,59:11.6,59:11.6
469,0.150687695,-0.056800127,59:21.9,59:21.8,59:21.8,59:21.7
470,0.209937811,-0.080878139,59:32.1,59:31.9,59:31.9,59:31.9
471,0.153501272,-0.054617524,59:42.3,59:42.1,59:42.1,59:42.1
472,0.314635754,-0.136044264,59:52.6,59:52.3,59:52.3,59:52.3
473,0.149919271,-0.055945039,00:02.7,00:02.6,00:02.6,00:02.6
474,0.160064697,-0.051528454,00:12.9,00:12.8,00:12.8,00:12.7
475,0.287522078,-0.015386939,00:23.2,00:23.0,00:23.0,00:22.9
476,0.33746624,0.028089523,00:33.5,00:33.4,00:33.4,00:33.2
477timeout,,,,,,
478,0.160691023,-0.056017756,00:56.7,00:56.6,00:56.6,00:56.5
479,0.164859056,-0.056429982,01:06.9,01:06.7,01:06.7,01:06.7
480,0.175072193,-0.0568223,01:17.0,01:16.9,01:16.9,01:16.9
481,0.163894415,-0.057247281,01:27.2,01:27.1,01:27.1,01:27.1
482,0.274604797,-0.099544048,01:37.5,01:37.3,01:37.3,01:37.2
483timeout,,,,,,
484,0.165758371,-0.055167794,02:00.7,02:00.5,02:00.5,02:00.5
485,0.168349028,-0.055796027,02:10.8,02:10.7,02:10.7,02:10.7
486,0.172532082,-0.055267334,02:21.0,02:20.9,02:20.9,02:20.8
487,0.16361475,-0.057504892,02:31.2,02:31.1,02:31.1,02:31.0
488,0.168922901,-0.055412054,02:41.4,02:41.2,02:41.2,02:41.2
489,0.16281724,-0.057431817,02:51.5,02:51.4,02:51.4,02:51.4
490timeout,,,,,,
491,0.173510313,-0.055315852,03:14.7,03:14.6,03:14.6,03:14.5
492,0.193845987,-0.044043899,03:24.9,03:24.8,03:24.8,03:24.7
493,0.173226595,-0.052735925,03:35.1,03:34.9,03:34.9,03:34.9
494,0.159224987,-0.061745644,03:45.3,03:45.1,03:45.1,03:45.1
495,0.161690474,-0.061334968,03:55.4,03:55.3,03:55.3,03:55.3
496,0.15719986,-0.06321764,04:05.6,04:05.4,04:05.4,04:05.4
497,0.163011789,-0.060471177,04:15.7,04:15.6,04:15.6,04:15.6
498,0.172096729,-0.055849314,04:25.9,04:25.8,04:25.8,04:25.7
499,0.16293025,-0.058603406,04:36.1,04:35.9,04:35.9,04:35.9
500,0.154286623,-0.064674497,04:46.2,04:46.1,04:46.1,04:46.1
501,0.169467449,-0.055346489,04:56.4,04:56.3,04:56.3,04:56.2
502,0.265553236,-0.118928313,05:06.7,05:06.4,05:06.4,05:06.4
503,0.163820505,-0.060614944,05:16.9,05:16.7,05:16.7,05:16.7
504,0.344442844,-0.144781351,05:27.2,05:26.9,05:26.9,05:26.9
505,0.180480957,-0.050084352,05:37.4,05:37.2,05:37.2,05:37.2
506,0.204217434,-0.040710211,05:47.6,05:47.5,05:47.5,05:47.4
507,0.180578709,-0.051877737,05:57.8,05:57.6,05:57.6,05:57.6
508,0.169998169,-0.057275057,06:08.0,06:07.8,06:07.8,06:07.8
509,0.165843725,-0.059628606,06:18.1,06:18.0,06:18.0,06:18.0
510,0.165958643,-0.060742974,06:28.3,06:28.1,06:28.1,06:28.1
511,0.167798519,-0.059252501,06:38.5,06:38.3,06:38.3,06:38.3
512,0.166368008,-0.061018229,06:48.6,06:48.5,06:48.5,06:48.5
513,0.215047836,-0.081402302,06:58.9,06:58.7,06:58.7,06:58.6
514,0.164253473,-0.061374545,07:09.0,07:08.9,07:08.9,07:08.9
515,0.328725338,-0.144056082,07:19.4,07:19.0,07:19.0,07:19.0
516,0.165009737,-0.061521411,07:29.5,07:29.4,07:29.4,07:29.4
517,0.1641922,-0.062102318,07:39.7,07:39.5,07:39.5,07:39.5
518,0.171958447,-0.066395283,07:49.9,07:49.7,07:49.7,07:49.7
519,0.165857553,-0.061038136,08:00.0,07:59.9,07:59.9,07:59.9
520,0.029865026,-0.057750106,08:10.1,08:10.0,08:10.0,08:10.0
521,0.183089972,-0.047183156,08:20.3,08:20.1,08:20.1,08:20.1
522,0.28262043,-0.122343302,08:30.5,08:30.3,08:30.3,08:30.3
523,0.153545618,-0.062645555,08:40.7,08:40.6,08:40.6,08:40.5
524,0.292697191,-0.134829879,08:51.0,08:50.7,08:50.7,08:50.7
525,0.160007954,-0.062824488,09:01.2,09:01.0,09:01.0,09:01.0
526,0.170272112,-0.073098063,09:11.3,09:11.2,09:11.2,09:11.2
527,0.15054059,-0.062989354,09:21.5,09:21.4,09:21.4,09:21.3
528,0.166500807,-0.05996573,09:31.7,09:31.5,09:31.5,09:31.5
529,0.154892921,-0.06513834,09:41.8,09:41.7,09:41.7,09:41.7
530,0.154179096,-0.063641071,09:52.0,09:51.8,09:51.8,09:51.8
531,0.154829979,-0.06474638,10:02.1,10:02.0,10:02.0,10:02.0
532,0.165731907,-0.065999508,10:12.3,10:12.2,10:12.2,10:12.1
533,0.332335234,-0.154070973,10:22.6,10:22.3,10:22.3,10:22.3
534,0.166637182,-0.063692927,10:32.8,10:32.7,10:32.7,10:32.6
535,0.343633652,-0.131217957,10:43.2,10:42.9,10:42.9,10:42.8
536,0.272871971,-0.024780035,10:53.4,10:53.3,10:53.3,10:53.2
537,0.156445026,-0.079093695,11:03.6,11:03.4,11:03.4,11:03.4
538timeout,,,,,,
539,0.158891916,-0.080403209,11:26.8,11:26.6,11:26.6,11:26.6
540,0.169086218,-0.080048203,11:36.9,11:36.8,11:36.8,11:36.8
541,0.159219503,-0.079164386,11:47.1,11:46.9,11:46.9,11:46.9
542,0.379593134,-0.188546062,11:57.5,11:57.1,11:57.1,11:57.1
543,0.155234337,-0.077361107,12:07.6,12:07.5,12:07.5,12:07.5
544timeout,,,,,,
545,0.15389657,-0.0810045,12:30.8,12:30.7,12:30.7,12:30.7
546,0.272136927,-0.134106755,12:41.1,12:40.8,12:40.8,12:40.8
547,0.187105656,-0.064573288,12:51.3,12:51.1,12:51.1,12:51.1
548,0.162513733,-0.084305763,13:01.5,13:01.3,13:01.3,13:01.3
549,0.165772438,-0.081330776,13:11.6,13:11.5,13:11.5,13:11.5
550,0.180608511,-0.053853393,13:21.8,13:21.7,13:21.7,13:21.6
551,0.179786444,-0.068721414,13:32.0,13:31.8,13:31.8,13:31.8
552,0.169091225,-0.069209099,13:42.2,13:42.0,13:42.0,13:42.0
553,0.170851231,-0.069565296,13:52.3,13:52.2,13:52.2,13:52.2
554,0.161342621,-0.062457323,14:02.5,14:02.4,14:02.4,14:02.3
555,0.375956059,-0.172941208,14:12.9,14:12.5,14:12.5,14:12.5
556,0.166302204,-0.067049026,14:23.0,14:22.9,14:22.9,14:22.9
557,0.335266113,-0.124674559,14:33.4,14:33.1,14:33.1,14:33.1
558,0.173627377,-0.071820974,14:43.6,14:43.4,14:43.4,14:43.4
559,0.166034222,-0.061103344,14:53.7,14:53.6,14:53.6,14:53.6
560,0.1776824,-0.058026314,15:03.9,15:03.8,15:03.8,15:03.7
561,0.180748224,-0.073989272,15:14.1,15:13.9,15:13.9,15:13.9
562,0.159752607,-0.065362334,15:24.3,15:24.1,15:24.1,15:24.1
563,0.160708904,-0.063204288,15:34.4,15:34.3,15:34.3,15:34.3
564,0.189866781,-0.077509761,15:44.6,15:44.5,15:44.5,15:44.4
565,0.176544428,-0.052306056,15:54.8,15:54.7,15:54.7,15:54.6
566,0.27041173,-0.121387362,16:05.1,16:04.8,16:04.8,16:04.8
567,0.160746336,-0.06322062,16:15.2,16:15.1,16:15.1,16:15.1
568,0.307417631,-0.145873666,16:25.6,16:25.3,16:25.3,16:25.2
569,0.154537201,-0.065421343,16:35.7,16:35.6,16:35.6,16:35.6
570,0.164697409,-0.06908977,16:45.9,16:45.7,16:45.7,16:45.7
571,0.161910295,-0.064615846,16:56.0,16:55.9,16:55.9,16:55.9
572,0.166242361,-0.060931563,17:06.2,17:06.1,17:06.1,17:06.1
573,0.158449411,-0.064130902,17:16.4,17:16.2,17:16.2,17:16.2
574,0.162130117,-0.062386394,17:26.5,17:26.4,17:26.4,17:26.4
575,0.159659386,-0.06765151,17:36.7,17:36.6,17:36.6,17:36.5
576,0.158583164,-0.067738056,17:46.9,17:46.7,17:46.7,17:46.7
577,0.316356897,-0.144166589,17:57.2,17:56.9,17:56.9,17:56.9
578,0.163927078,-0.062743187,18:07.4,18:07.2,18:07.2,18:07.2
579,0.234231234,-0.055410028,18:17.6,18:17.4,18:17.4,18:17.4
580,0.158978224,-0.06459868,18:27.8,18:27.6,18:27.6,18:27.6
581,0.153905153,-0.069070458,18:37.9,18:37.8,18:37.8,18:37.8
582,0.158126354,-0.066790104,18:48.1,18:47.9,18:47.9,18:47.9
583,0.156498194,-0.066908717,18:58.2,18:58.1,18:58.1,18:58.1
584,0.165712357,-0.067773342,19:08.4,19:08.3,19:08.3,19:08.2
585,0.158483744,-0.066165566,19:18.6,19:18.4,19:18.4,19:18.4
586,0.310414314,-0.142019272,19:28.9,19:28.6,19:28.6,19:28.6
587,0.152230263,-0.068572998,19:39.0,19:38.9,19:38.9,19:38.9
588,0.359484196,-0.16170001,19:49.4,19:49.1,19:49.1,19:49.0
589,0.161060333,-0.065715313,19:59.6,19:59.4,19:59.4,19:59.4
590,0.162002325,-0.064476609,20:09.7,20:09.6,20:09.6,20:09.6
591,0.157337666,-0.071509361,20:19.9,20:19.8,20:19.8,20:19.7
592,0.166254282,-0.062769771,20:30.1,20:29.9,20:29.9,20:29.9
593,0.161568165,-0.06485939,20:40.2,20:40.1,20:40.1,20:40.1
594,0.334059954,0.014089942,20:50.6,20:50.4,20:50.4,20:50.2
595,0.166359186,-0.067437053,21:00.7,21:00.6,21:00.6,21:00.6
596,0.149292946,-0.070544481,21:10.9,21:10.8,21:10.8,21:10.7
597,0.260073423,-0.1261729,21:21.2,21:20.9,21:20.9,21:20.9
598,0.16151619,-0.07069087,21:31.3,21:31.2,21:31.2,21:31.2
599,0.311938286,-0.147895813,21:41.6,21:41.3,21:41.3,21:41.3
600,0.158407211,-0.071405888,21:51.8,21:51.6,21:51.6,21:51.6
601,0.171165943,-0.065975666,22:02.0,22:01.8,22:01.8,22:01.8
602,0.155474663,-0.070478201,22:12.1,22:12.0,22:12.0,22:12.0
603,0.174475431,-0.0721246,22:22.3,22:22.2,22:22.2,22:22.1
604,0.184927464,-0.059831619,22:32.5,22:32.4,22:32.4,22:32.3
605,0.150994062,-0.072152495,22:42.7,22:42.5,22:42.5,22:42.5
606,0.156288862,-0.072149158,22:52.8,22:52.7,22:52.7,22:52.7
607,0.15830636,-0.06861794,23:03.0,23:02.8,23:02.8,23:02.8
608,0.343170643,-0.157410622,23:13.3,23:13.0,23:13.0,23:13.0
609,0.357890606,0.018067122,23:23.7,23:23.5,23:23.5,23:23.3
610,0.167273283,-0.069886804,23:33.9,23:33.7,23:33.7,23:33.7
611,0.160651207,-0.072771788,23:44.0,23:43.9,23:43.9,23:43.9
612,0.1691432,-0.065112114,23:54.2,23:54.1,23:54.1,23:54.0
613,0.158195257,-0.071474433,24:04.4,24:04.2,24:04.2,24:04.2
614,0.174991369,-0.076625466,24:14.5,24:14.4,24:14.4,24:14.4
615,0.176832199,-0.062052011,24:24.7,24:24.6,24:24.6,24:24.5
616,0.156870365,-0.072756529,24:34.9,24:34.7,24:34.7,24:34.7
617,0.161494255,-0.069020271,24:45.0,24:44.9,24:44.9,24:44.9
618,0.162195206,-0.070453405,24:55.2,24:55.1,24:55.1,24:55.1
619,0.941360235,0.317190289,25:06.2,25:06.0,25:06.0,25:05.2
620,0.160659313,-0.072608471,25:16.3,25:16.2,25:16.2,25:16.2
621,0.163047314,-0.0670681,25:26.5,25:26.3,25:26.3,25:26.3
622,0.161395311,-0.074167609,25:36.7,25:36.5,25:36.5,25:36.5
623,0.1577034,-0.071966171,25:46.8,25:46.7,25:46.7,25:46.7
624,0.264990807,-0.095231533,25:57.1,25:56.9,25:56.9,25:56.8
625,0.16725564,-0.067637324,26:07.3,26:07.1,26:07.1,26:07.1
626,0.288286448,-0.124390721,26:17.6,26:17.3,26:17.3,26:17.3
627,0.165579081,-0.071565747,26:27.7,26:27.6,26:27.6,26:27.6
628,0.167109728,-0.067988515,26:37.9,26:37.7,26:37.7,26:37.7
629,0.170038939,-0.066712022,26:48.1,26:47.9,26:47.9,26:47.9
630,0.173230886,-0.069667935,26:58.2,26:58.1,26:58.1,26:58.1
631,0.167955875,-0.06860733,27:08.4,27:08.3,27:08.3,27:08.2
632,0.175154924,-0.064149261,27:18.6,27:18.4,27:18.4,27:18.4
633,0.17951417,-0.074401736,27:28.8,27:28.6,27:28.6,27:28.6
634,0.166504383,-0.069476128,27:39.0,27:38.8,27:38.8,27:38.8
635,0.280058384,-0.120147705,27:49.2,27:49.0,27:49.0,27:49.0
636,0.16842103,-0.068096042,27:59.4,27:59.3,27:59.3,27:59.2
637,0.304122448,-0.134266853,28:09.7,28:09.4,28:09.4,28:09.4
638,0.263987064,-0.120460749,28:20.0,28:19.7,28:19.7,28:19.7
639,0.055045605,-0.060760736,28:30.0,28:30.0,28:30.0,28:30.0
640,0.021901369,-0.074169517,28:40.1,28:40.0,28:40.0,28:40.1
641,0.021280766,-0.073962212,28:50.1,28:50.0,28:50.0,28:50.1
642,0.021978855,-0.074486256,29:00.1,29:00.0,29:00.0,29:00.1
643,0.040780067,-0.065121174,29:10.2,29:10.1,29:10.1,29:10.1
644,0.018666744,-0.07406044,29:20.2,29:20.1,29:20.1,29:20.2
645,0.02949357,-0.06962502,29:30.2,29:30.1,29:30.1,29:30.2
646,0.023038864,-0.075303316,29:40.3,29:40.2,29:40.2,29:40.2
647,0.058884382,-0.085991979,29:50.3,29:50.2,29:50.2,29:50.3
648,0.026732922,-0.07717967,30:00.3,30:00.3,30:00.3,30:00.3
649,0.022905827,-0.075461149,30:10.4,30:10.3,30:10.3,30:10.4
650,0.027186155,-0.073267102,30:20.4,30:20.3,30:20.3,30:20.4
651,0.024042845,-0.072200656,30:30.4,30:30.3,30:30.3,30:30.4
652,0.022499561,-0.075098991,30:40.5,30:40.4,30:40.4,30:40.4
653,0.025590897,-0.075323343,30:50.5,30:50.4,30:50.4,30:50.5
654,0.387023926,0.033883572,31:00.9,31:00.7,31:00.7,31:00.5
655,0.169881582,-0.074603438,31:11.1,31:10.9,31:10.9,31:10.9
656,0.170943975,-0.077782989,31:21.2,31:21.1,31:21.1,31:21.1
657,0.162704468,-0.074659109,31:31.4,31:31.2,31:31.2,31:31.2
658,0.184290171,-0.066761136,31:41.6,31:41.4,31:41.4,31:41.4
659,0.184143543,-0.069409847,31:51.8,31:51.6,31:51.6,31:51.6
660,0.164736271,-0.075974703,32:01.9,32:01.8,32:01.8,32:01.8
661,0.374992371,-0.175870657,32:12.3,32:12.0,32:12.0,32:11.9
662,0.17732811,-0.073191643,32:22.5,32:22.3,32:22.3,32:22.3
663,0.176536083,-0.073956728,32:32.7,32:32.5,32:32.5,32:32.5
664,0.163626671,-0.077028036,32:42.8,32:42.7,32:42.7,32:42.7
665,0.166815281,-0.07865119,32:53.0,32:52.9,32:52.9,32:52.9
666,0.307777882,-0.141492128,33:03.3,33:03.0,33:03.0,33:03.0
667,0.164898634,-0.074321151,33:13.5,33:13.3,33:13.3,33:13.3
668,0.290220499,-0.137244344,33:23.8,33:23.5,33:23.5,33:23.5
669,0.352776527,0.024453402,33:34.2,33:34.0,33:34.0,33:33.8
670,0.266292572,-0.131867886,33:44.4,33:44.2,33:44.2,33:44.2
671,0.151330233,-0.076424241,33:54.6,33:54.4,33:54.4,33:54.4
672,0.163148165,-0.077552438,34:04.7,34:04.6,34:04.6,34:04.6
673,0.172533751,-0.068900466,34:14.9,34:14.8,34:14.8,34:14.7
674timeout,,,,,,
675,0.154765129,-0.077424526,34:38.1,34:37.9,34:37.9,34:37.9
676,0.180086374,-0.090182185,34:48.3,34:48.1,34:48.1,34:48.1
677,0.178254843,-0.067287326,34:58.4,34:58.3,34:58.3,34:58.3
678,0.159163713,-0.074943662,35:08.6,35:08.5,35:08.5,35:08.5
679,0.160416365,-0.075619578,35:18.8,35:18.6,35:18.6,35:18.6
680,0.159932375,-0.07836163,35:28.9,35:28.8,35:28.8,35:28.8
681,0.163360119,-0.076684713,35:39.1,35:38.9,35:38.9,35:38.9
682,0.166054487,-0.072530627,35:49.3,35:49.1,35:49.1,35:49.1
683,0.156920433,-0.078316927,35:59.4,35:59.3,35:59.3,35:59.3
684,0.321732044,0.008587599,36:09.8,36:09.6,36:09.6,36:09.4
685,0.159546852,-0.075978994,36:19.9,36:19.8,36:19.8,36:19.8
686,0.168951035,-0.087418556,36:30.1,36:29.9,36:29.9,36:29.9
687,0.161874056,-0.076870084,36:40.3,36:40.1,36:40.1,36:40.1
688,0.161976814,-0.077217102,36:50.4,36:50.3,36:50.3,36:50.3
689,0.150414944,-0.078363419,37:00.6,37:00.4,37:00.4,37:00.4
690,0.162348509,-0.077320218,37:10.7,37:10.6,37:10.6,37:10.6
691,0.162052393,-0.077071309,37:20.9,37:20.8,37:20.8,37:20.7
692,0.148985624,-0.076425195,37:31.1,37:30.9,37:30.9,37:30.9
693,0.16329813,-0.077231169,37:41.2,37:41.1,37:41.1,37:41.1
694,0.165694714,-0.072472572,37:51.4,37:51.2,37:51.2,37:51.2
695,0.250542164,-0.123504877,38:01.7,38:01.4,38:01.4,38:01.4
696,0.16904974,-0.083153486,38:11.8,38:11.7,38:11.7,38:11.7
697,0.153637648,-0.077477098,38:22.0,38:21.8,38:21.8,38:21.8
698,0.161079884,-0.078238964,38:32.2,38:32.0,38:32.0,38:32.0
699,0.184520245,-0.064736128,38:42.3,38:42.2,38:42.2,38:42.2
700,0.151434898,-0.078418255,38:52.5,38:52.3,38:52.3,38:52.3
701,0.149846792,-0.077756286,39:02.7,39:02.5,39:02.5,39:02.5
702,0.163291216,-0.074109674,39:12.8,39:12.7,39:12.7,39:12.7
703,0.15670085,-0.079878449,39:23.0,39:22.8,39:22.8,39:22.8
704,0.157139301,-0.078097582,39:33.1,39:33.0,39:33.0,39:33.0
705,0.15087986,-0.079059362,39:43.3,39:43.1,39:43.1,39:43.1
706,0.161491394,-0.075075865,39:53.5,39:53.3,39:53.3,39:53.3
707,0.235549927,-0.122541428,40:03.7,40:03.5,40:03.5,40:03.5
708,0.152879477,-0.080535054,40:13.9,40:13.7,40:13.7,40:13.7
709,0.661953926,-0.315892458,40:24.5,40:23.9,40:23.9,40:23.9
710,0.157494783,-0.076187015,40:34.7,40:34.5,40:34.5,40:34.5
711,0.160740614,-0.075677037,40:44.9,40:44.7,40:44.7,40:44.7
712,0.155495644,-0.078065157,40:55.0,40:54.9,40:54.9,40:54.9
713,0.156508446,-0.077121258,41:05.2,41:05.0,41:05.0,41:05.0
714,0.184823513,-0.07109046,41:15.4,41:15.2,41:15.2,41:15.2
715,0.261523724,-0.1358459,41:25.6,41:25.4,41:25.4,41:25.4
716,0.163648129,-0.075706482,41:35.8,41:35.6,41:35.6,41:35.6
717,0.304844141,-0.156015277,41:46.1,41:45.8,41:45.8,41:45.8
718,0.165594816,-0.074795127,41:56.3,41:56.1,41:56.1,41:56.1
719,0.341562271,-0.168242455,42:06.6,42:06.3,42:06.3,42:06.3
720,0.18514514,-0.069972873,42:16.8,42:16.6,42:16.6,42:16.6
721,0.16356349,-0.077298284,42:27.0,42:26.8,42:26.8,42:26.8
722,0.154840946,-0.080443859,42:37.1,42:37.0,42:37.0,42:37.0
723,0.153419256,-0.081287265,42:47.3,42:47.1,42:47.1,42:47.1
724,0.164657593,-0.088630199,42:57.5,42:57.3,42:57.3,42:57.3
725,0.159118891,-0.079861045,43:07.6,43:07.5,43:07.5,43:07.5
726,0.155474424,-0.078484178,43:17.8,43:17.6,43:17.6,43:17.6
727,0.149352551,-0.081584692,43:27.9,43:27.8,43:27.8,43:27.8
728,0.355668545,-0.153871298,43:38.3,43:38.0,43:38.0,43:37.9
729,0.189201355,-0.073701382,43:48.5,43:48.3,43:48.3,43:48.3
730,0.165978193,-0.079514146,43:58.7,43:58.5,43:58.5,43:58.5
731,0.168284178,-0.074820161,44:08.8,44:08.7,44:08.7,44:08.7
732,0.172443628,-0.087313533,44:19.0,44:18.8,44:18.8,44:18.8
733,0.15786171,-0.080701351,44:29.2,44:29.0,44:29.0,44:29.0
734timeout,,,,,,
735timeout,,,,,,
736timeout,,,,,,
737,0.163856268,-0.080141425,45:18.4,45:18.2,45:18.2,45:18.2
738,0.181521893,-0.076987267,45:28.6,45:28.4,45:28.4,45:28.4
739,0.184940815,-0.081751347,45:38.7,45:38.6,45:38.6,45:38.6
740,0.156738997,-0.081803441,45:48.9,45:48.7,45:48.7,45:48.7
741,0.187211514,-0.093821049,45:59.1,45:58.9,45:58.9,45:58.9
742,0.169042826,-0.07662499,46:09.3,46:09.1,46:09.1,46:09.1
743,0.18068409,-0.069908619,46:19.5,46:19.3,46:19.3,46:19.3
744,0.158088684,-0.081367016,46:29.6,46:29.5,46:29.5,46:29.5
745,0.164155006,-0.079937696,46:39.8,46:39.6,46:39.6,46:39.6
746,0.160837173,-0.080272675,46:49.9,46:49.8,46:49.8,46:49.8
747,0.231812,-0.118641376,47:00.2,47:00.0,47:00.0,47:00.0
748,0.160568714,-0.081866741,47:10.4,47:10.2,47:10.2,47:10.2
749timeout,,,,,,
750,0.174868584,-0.087640762,47:33.5,47:33.4,47:33.4,47:33.4
751,0.166852236,-0.082050681,47:43.7,47:43.5,47:43.5,47:43.5
752,0.169039011,-0.084246278,47:53.9,47:53.7,47:53.7,47:53.7
753,0.158190727,-0.082967758,48:04.0,48:03.9,48:03.9,48:03.9
754,0.303760529,-0.154333115,48:14.4,48:14.0,48:14.0,48:14.1
755,0.157582998,-0.083073735,48:24.5,48:24.4,48:24.4,48:24.4
756timeout,,,,,,
757,0.303034306,-0.047248363,48:47.8,48:47.6,48:47.6,48:47.5
758,0.147747755,-0.08552897,48:58.0,48:57.8,48:57.8,48:57.8
759,0.169108868,-0.092817068,49:08.2,49:08.0,49:08.0,49:08.0
760,0.151692152,-0.083915591,49:18.3,49:18.2,49:18.2,49:18.2
761,0.189551115,-0.092219234,49:28.5,49:28.3,49:28.3,49:28.3
762,0.150080442,-0.087196708,49:38.7,49:38.5,49:38.5,49:38.5
763,0.219085932,-0.121178269,49:48.9,49:48.7,49:48.7,49:48.7
764timeout,,,,,,
765,0.151709557,-0.087741137,50:12.0,50:11.9,50:11.9,50:11.9
766,0.151999235,-0.085463166,50:22.2,50:22.0,50:22.0,50:22.1
767,0.152460098,-0.087393761,50:32.4,50:32.2,50:32.2,50:32.2
768,0.277004719,-0.147298098,50:42.6,50:42.4,50:42.4,50:42.4
769,0.151068687,-0.086878538,50:52.8,50:52.6,50:52.6,50:52.6
770,0.161211491,-0.088530779,51:03.0,51:02.8,51:02.8,51:02.8
771,0.280125856,-0.149752975,51:13.2,51:13.0,51:13.0,51:13.0
772timeout,,,,,,
773,0.154652834,-0.085460782,51:36.4,51:36.3,51:36.3,51:36.3
774,0.163712502,-0.078892231,51:46.6,51:46.4,51:46.4,51:46.4
775,0.197193623,-0.103123665,51:56.8,51:56.6,51:56.6,51:56.6
776,0.176227093,-0.079916239,52:07.0,52:06.8,52:06.8,52:06.8
777,0.151587009,-0.086675406,52:17.1,52:17.0,52:17.0,52:17.0
778,0.180911303,-0.099719167,52:27.3,52:27.1,52:27.1,52:27.1
779,0.1556952,-0.087189794,52:37.5,52:37.3,52:37.3,52:37.3
780,0.152701855,-0.089032888,52:47.6,52:47.5,52:47.5,52:47.5
781,0.154669046,-0.08619988,52:57.8,52:57.6,52:57.6,52:57.6
782,0.154136181,-0.086588621,53:08.0,53:07.8,53:07.8,53:07.8
783,0.156816244,-0.087721467,53:18.1,53:18.0,53:18.0,53:18.0
784,0.338896751,-0.178056955,53:28.5,53:28.1,53:28.1,53:28.1
785,0.155616522,-0.088052392,53:38.6,53:38.5,53:38.5,53:38.5
786,0.321155787,-0.166002631,53:48.9,53:48.6,53:48.6,53:48.6
787,0.182396412,-0.0800879,53:59.1,53:59.0,53:59.0,53:58.9
788,0.163816452,-0.09149313,54:09.3,54:09.1,54:09.1,54:09.1
789,0.16027689,-0.092061996,54:19.5,54:19.3,54:19.3,54:19.3
790,0.162956476,-0.091341138,54:29.6,54:29.5,54:29.5,54:29.5
791,0.164472818,-0.093557954,54:39.8,54:39.6,54:39.6,54:39.6
792,0.162417889,-0.09167552,54:50.0,54:49.8,54:49.8,54:49.8
793,0.17731595,-0.083767533,55:00.1,55:00.0,55:00.0,55:00.0
794,0.163637161,-0.093614578,55:10.3,55:10.1,55:10.1,55:10.2
795,0.311358929,-0.161512375,55:20.6,55:20.3,55:20.3,55:20.3
796,0.164676905,-0.091940522,55:30.8,55:30.6,55:30.6,55:30.6
797,0.221040249,-0.120791197,55:41.0,55:40.8,55:40.8,55:40.8
798,0.162544966,-0.09090054,55:51.2,55:51.0,55:51.0,55:51.0
799,0.165945768,-0.09207499,56:01.4,56:01.2,56:01.2,56:01.2
800,0.175547123,-0.095670223,56:11.5,56:11.4,56:11.4,56:11.4
801,0.167136908,-0.091256499,56:21.7,56:21.5,56:21.5,56:21.5
802,0.196053743,-0.084426999,56:31.9,56:31.7,56:31.7,56:31.7
803timeout,,,,,,
804,0.16237092,-0.085410953,56:55.1,56:54.9,56:54.9,56:54.9
805,0.158058167,-0.086856127,57:05.3,57:05.1,57:05.1,57:05.1
806,0.165860176,-0.087423086,57:15.4,57:15.3,57:15.3,57:15.3
807,0.161734819,-0.087088943,57:25.6,57:25.4,57:25.4,57:25.4
808,0.160251379,-0.087383628,57:35.8,57:35.6,57:35.6,57:35.6
809,0.159868717,-0.086613178,57:45.9,57:45.8,57:45.8,57:45.8
810,0.157380342,-0.088173032,57:56.1,57:55.9,57:55.9,57:55.9
811timeout,,,,,,
812,0.173035622,-0.094847441,58:19.3,58:19.1,58:19.1,58:19.1
813,0.168180704,-0.087245822,58:29.4,58:29.3,58:29.3,58:29.3
814,0.160514832,-0.089779854,58:39.6,58:39.4,58:39.4,58:39.4
815,0.16898036,-0.083570123,58:49.8,58:49.6,58:49.6,58:49.6
816,0.179240465,-0.079307199,59:00.0,58:59.8,58:59.8,58:59.8
817,0.156816006,-0.090932846,59:10.1,59:09.9,59:09.9,59:10.0
818,0.161184549,-0.087424874,59:20.3,59:20.1,59:20.1,59:20.1
819,0.156333447,-0.089430094,59:30.4,59:30.3,59:30.3,59:30.3
820,0.154602051,-0.087969065,59:40.6,59:40.4,59:40.4,59:40.4
821,0.235548496,-0.117995739,59:50.8,59:50.6,59:50.6,59:50.6
822,0.16741848,-0.090020418,00:01.0,00:00.8,00:00.8,00:00.8
823,0.155576468,-0.091688275,00:11.2,00:11.0,00:11.0,00:11.0
824,0.15639472,-0.090383887,00:21.3,00:21.2,00:21.2,00:21.2
825,0.153374434,-0.089038968,00:31.5,00:31.3,00:31.3,00:31.3
826,0.157040358,-0.088098168,00:41.6,00:41.5,00:41.5,00:41.5
827,0.152438879,-0.090134025,00:51.8,00:51.6,00:51.6,00:51.7
828,0.184385777,-0.098432541,01:02.2,01:02.1,01:01.8,01:01.8
829,0.168518305,-0.090476394,01:12.4,01:12.2,01:12.2,01:12.2
830,0.158274651,-0.089519739,01:22.6,01:22.4,01:22.4,01:22.4
831,0.185688734,-0.074110866,01:32.8,01:32.6,01:32.6,01:32.6
832,0.291493177,-0.15389359,01:43.1,01:42.8,01:42.8,01:42.8
833,0.150503397,-0.092440486,01:53.2,01:53.1,01:53.1,01:53.1
834,0.153615713,-0.091440558,02:03.4,02:03.2,02:03.2,02:03.2
835,0.165690184,-0.097401261,02:13.5,02:13.4,02:13.4,02:13.4
836,0.154386282,-0.090116382,02:23.7,02:23.5,02:23.5,02:23.6
837,0.167326689,-0.095638871,02:33.9,02:33.7,02:33.7,02:33.7
838,0.154732943,-0.090564132,02:44.0,02:43.9,02:43.9,02:43.9
839,0.165497303,-0.084875345,02:54.2,02:54.0,02:54.0,02:54.0
840,0.15451932,-0.090049624,03:04.4,03:04.2,03:04.2,03:04.2
841,0.331111431,-0.18166995,03:14.7,03:14.4,03:14.4,03:14.4
842,0.159584284,-0.090876222,03:24.9,03:24.7,03:24.7,03:24.7
843,0.287144423,-0.155431867,03:35.2,03:34.9,03:34.9,03:34.9
844,0.157582998,-0.089482427,03:45.3,03:45.1,03:45.1,03:45.2
845,0.157655001,-0.089209437,03:55.5,03:55.3,03:55.3,03:55.3
846,0.174833775,-0.083762169,04:05.7,04:05.5,04:05.5,04:05.5
847,0.16515851,-0.092318654,04:15.8,04:15.6,04:15.6,04:15.7
848,0.156889677,-0.094550252,04:26.0,04:25.8,04:25.8,04:25.8
849,0.158405066,-0.092780709,04:36.1,04:36.0,04:36.0,04:36.0
850,0.153800249,-0.091759086,04:46.3,04:46.1,04:46.1,04:46.1
851,0.154815912,-0.096488833,04:56.5,04:56.3,04:56.3,04:56.3
852,0.286843061,-0.157326341,05:06.8,05:06.4,05:06.4,05:06.5
853,0.157788038,-0.0898875,05:16.9,05:16.7,05:16.7,05:16.8
854,0.156758547,-0.09423244,05:27.1,05:26.9,05:26.9,05:26.9
855,0.159188986,-0.095229268,05:37.2,05:37.1,05:37.1,05:37.1
856,0.167000294,-0.094699621,05:47.4,05:47.2,05:47.2,05:47.2
857,0.155223131,-0.09454596,05:57.6,05:57.4,05:57.4,05:57.4
858,0.155612946,-0.094126225,06:07.7,06:07.6,06:07.6,06:07.6
859,0.160790682,-0.094792247,06:17.9,06:17.7,06:17.7,06:17.7
860,0.164569378,-0.100492954,06:28.1,06:27.9,06:27.9,06:27.9
861,0.19075036,-0.073330283,06:38.3,06:38.1,06:38.1,06:38.1
862,0.167988062,-0.089345574,06:48.4,06:48.3,06:48.3,06:48.3
863,0.163079023,-0.091384292,06:58.6,06:58.4,06:58.4,06:58.4
864,0.241987228,-0.138587952,07:08.8,07:08.6,07:08.6,07:08.6
865,0.152096748,-0.095153809,07:19.0,07:18.8,07:18.8,07:18.8
866,0.266596317,-0.145238638,07:29.3,07:29.0,07:29.0,07:29.0
867,0.156516552,-0.095359325,07:39.4,07:39.3,07:39.3,07:39.3
868,0.162789106,-0.090000749,07:49.6,07:49.4,07:49.4,07:49.4
869,0.163462877,-0.08733809,07:59.8,07:59.6,07:59.6,07:59.6
870,0.154506922,-0.096921086,08:09.9,08:09.7,08:09.7,08:09.8
871,0.155357599,-0.094395518,08:20.1,08:19.9,08:19.9,08:19.9
872,0.156795502,-0.097289324,08:30.2,08:30.1,08:30.1,08:30.1
873,0.154896498,-0.093635917,08:40.4,08:40.2,08:40.2,08:40.2
874,0.150450706,-0.096332312,08:50.6,08:50.4,08:50.4,08:50.4
875,0.342854977,-0.186554193,09:00.9,09:00.5,09:00.5,09:00.6
876,0.208303928,-0.070470572,09:11.1,09:10.9,09:10.9,09:10.9
877,0.335746527,-0.185378671,09:21.5,09:21.1,09:21.1,09:21.1
878,0.163574696,-0.096613169,09:31.6,09:31.4,09:31.4,09:31.5
879,0.159620285,-0.095126152,09:41.8,09:41.6,09:41.6,09:41.6
880,0.162556648,-0.096821308,09:52.0,09:51.8,09:51.8,09:51.8
881,0.174857855,-0.090001941,10:02.1,10:02.0,10:02.0,10:02.0
882timeout,,,,,,
883,0.155739546,-0.097566009,10:25.3,10:25.1,10:25.1,10:25.1
884,0.247119427,-0.140727997,10:35.6,10:35.3,10:35.3,10:35.3
885,0.160897255,-0.100494146,10:45.7,10:45.5,10:45.5,10:45.6
886,0.162999868,-0.097238421,10:55.9,10:55.7,10:55.7,10:55.7
887,0.156748533,-0.098409295,11:06.0,11:05.9,11:05.9,11:05.9
888,0.15918088,-0.099134564,11:16.2,11:16.0,11:16.0,11:16.0
889,0.164054155,-0.096336722,11:26.4,11:26.2,11:26.2,11:26.2
890,0.155596495,-0.098184466,11:36.5,11:36.4,11:36.4,11:36.4
891,0.187561035,-0.081648588,11:46.7,11:46.5,11:46.5,11:46.5
892,0.164500475,-0.087441802,11:56.9,11:56.7,11:56.7,11:56.7
893,0.359966755,-0.185421944,12:07.3,12:06.9,12:06.9,12:06.9
894,2.872337818,-1.402436256,12:20.1,12:17.3,12:17.3,12:17.3
895,3.004233837,-1.499660492,12:33.1,12:30.1,12:30.1,12:30.1
896,0.211482525,-0.110757828,12:43.4,12:43.1,12:43.1,12:43.1
897,0.206749439,-0.120725393,12:53.6,12:53.3,12:53.3,12:53.4
898,0.285871983,-0.146994352,13:03.9,13:03.6,13:03.6,13:03.6
899,0.157290936,-0.087804556,13:14.0,13:13.9,13:13.9,13:13.9
900,0.160955191,-0.088799119,13:24.2,13:24.0,13:24.0,13:24.0
901,0.170911551,-0.104510427,13:34.4,13:34.2,13:34.2,13:34.2
902,0.168122768,-0.091573477,13:44.5,13:44.4,13:44.4,13:44.4
903,0.173399448,-0.093692064,13:54.7,13:54.5,13:54.5,13:54.5
904,0.185639143,-0.093038917,14:04.9,14:04.7,14:04.7,14:04.7
905,0.341854334,-0.007860065,14:15.2,14:15.1,14:15.1,14:14.9
906,0.166550159,-0.096001387,14:25.4,14:25.2,14:25.2,14:25.3
907,0.16379118,-0.097293854,14:35.6,14:35.4,14:35.4,14:35.4
908,0.181350231,-0.090649366,14:45.8,14:45.6,14:45.6,14:45.6
909,0.201632261,-0.112954021,14:56.0,14:55.8,14:55.8,14:55.8
910,0.173892021,-0.105527401,15:06.1,15:06.0,15:06.0,15:06.0
911,0.164712191,-0.096967101,15:16.3,15:16.1,15:16.1,15:16.2
912,0.161498308,-0.098807454,15:26.5,15:26.3,15:26.3,15:26.3
913,0.16946435,-0.099613309,15:36.7,15:36.5,15:36.5,15:36.5
914,0.160019159,-0.099834561,15:46.8,15:46.6,15:46.6,15:46.7
915,0.162518263,-0.098552585,15:57.0,15:56.8,15:56.8,15:56.8
916timeout,,,,,,
917,0.524035215,-0.265693069,16:20.5,16:20.0,16:20.0,16:20.0
918,0.168316126,-0.097566247,16:30.7,16:30.5,16:30.5,16:30.5
919,0.166386366,-0.097223639,16:40.9,16:40.7,16:40.7,16:40.7
920,0.332252741,-0.013835311,16:51.2,16:51.0,16:51.0,16:50.9
921,0.157424688,-0.10035193,17:01.4,17:01.2,17:01.2,17:01.2
922,0.449348211,-0.246105075,17:11.8,17:11.3,17:11.3,17:11.4
923,0.159011602,-0.099797606,17:22.0,17:21.8,17:21.8,17:21.8
924,0.161465406,-0.102671504,17:32.1,17:32.0,17:32.0,17:32.0
925,0.163697243,-0.102394819,17:42.3,17:42.1,17:42.1,17:42.1
926,0.165810347,-0.099391818,17:52.5,17:52.3,17:52.3,17:52.3
927,0.161039829,-0.104522705,18:02.6,18:02.5,18:02.5,18:02.5
928,0.156120539,-0.101792932,18:12.8,18:12.6,18:12.6,18:12.7
929,0.162106991,-0.102395296,18:23.0,18:22.8,18:22.8,18:22.8
930,0.161015749,-0.099490285,18:33.1,18:33.0,18:33.0,18:33.0
931,0.191921234,-0.117024183,18:43.3,18:43.1,18:43.1,18:43.1
932,0.159115553,-0.103138089,18:53.5,18:53.3,18:53.3,18:53.3
933timeout,,,,,,
934,0.334679842,-0.010322452,19:16.8,19:16.7,19:16.7,19:16.5
935,0.331971884,-0.183570504,19:27.2,19:26.8,19:26.8,19:26.9
936,0.15708971,-0.09852457,19:37.3,19:37.2,19:37.2,19:37.2
937,0.322516918,-0.181238413,19:47.7,19:47.3,19:47.3,19:47.3
938,0.155334949,-0.098582029,19:57.8,19:57.7,19:57.7,19:57.7
939,0.162046432,-0.094390631,20:08.0,20:07.8,20:07.8,20:07.8
940,0.157441616,-0.097827196,20:18.2,20:18.0,20:18.0,20:18.0
941,0.161247969,-0.097813487,20:28.3,20:28.1,20:28.1,20:28.2
942,0.172885656,-0.101626039,20:38.5,20:38.3,20:38.3,20:38.3
943timeout,,,,,,
944,0.225664854,-0.133160472,21:01.7,21:01.5,21:01.5,21:01.5
945,0.201622248,-0.105811954,21:11.9,21:11.7,21:11.7,21:11.7
946,0.167392015,-0.100813746,21:22.1,21:21.9,21:21.9,21:21.9
947,0.157847404,-0.097258568,21:32.3,21:32.1,21:32.1,21:32.1
948,0.165087938,-0.097780585,21:42.4,21:42.3,21:42.3,21:42.3
949,0.052572489,-0.08870542,21:52.5,21:52.4,21:52.4,21:52.4
950,0.024047136,-0.102030873,22:02.5,22:02.4,22:02.4,22:02.5
951,0.024382591,-0.099794865,22:12.6,22:12.4,22:12.4,22:12.5
952,0.031134605,-0.099669456,22:22.6,22:22.5,22:22.5,22:22.6
953,0.032943726,-0.101986647,22:32.6,22:32.5,22:32.5,22:32.6
954,0.023547649,-0.101281643,22:42.7,22:42.5,22:42.5,22:42.6
955,0.029305696,-0.09963429,22:52.7,22:52.6,22:52.6,22:52.7
956,0.027590752,-0.101217747,23:02.7,23:02.6,23:02.6,23:02.7
957,0.028000593,-0.098298669,23:12.8,23:12.6,23:12.6,23:12.7
958,0.023995161,-0.102954268,23:22.8,23:22.7,23:22.7,23:22.8
959,0.022492647,-0.10235393,23:32.8,23:32.7,23:32.7,23:32.8
960,0.021439075,-0.101945877,23:42.8,23:42.7,23:42.7,23:42.8
961,0.055683136,-0.120056629,23:52.9,23:52.7,23:52.7,23:52.8
962,0.023863792,-0.101764202,24:02.9,24:02.8,24:02.8,24:02.9
963timeout,,,,,,
964,0.184136629,-0.085468173,24:26.1,24:25.9,24:25.9,24:25.9
965,0.161825657,-0.098120689,24:36.3,24:36.1,24:36.1,24:36.1
966,0.163654804,-0.097702742,24:46.4,24:46.3,24:46.3,24:46.3
967,0.169587135,-0.094425201,24:56.6,24:56.4,24:56.4,24:56.5
968,0.167232752,-0.097796798,25:06.8,25:06.6,25:06.6,25:06.6
969,0.166869402,-0.096611857,25:17.0,25:16.8,25:16.8,25:16.8
970,0.166486025,-0.100171924,25:27.1,25:27.0,25:27.0,25:27.0
971,0.15999198,-0.098107219,25:37.3,25:37.1,25:37.1,25:37.1
972,0.318254709,-0.17260468,25:47.6,25:47.3,25:47.3,25:47.3
973,0.162927628,-0.098060846,25:57.8,25:57.6,25:57.6,25:57.6
974,0.29956007,-0.167648315,26:08.1,26:07.8,26:07.8,26:07.8
975,0.161864042,-0.09739697,26:18.3,26:18.1,26:18.1,26:18.1
976,0.163137913,-0.098138332,26:28.4,26:28.2,26:28.2,26:28.3
977,0.165881157,-0.100676775,26:38.6,26:38.4,26:38.4,26:38.4
978,0.166804314,-0.096954107,26:48.8,26:48.6,26:48.6,26:48.6
979timeout,,,,,,
980,0.162269592,-0.101973772,27:12.0,27:11.8,27:11.8,27:11.8
981,0.238530159,-0.142216444,27:22.2,27:22.0,27:21.9,27:22.0
982,0.293180943,-0.169424295,27:32.5,27:32.2,27:32.2,27:32.2
983,0.177130699,-0.112707615,27:42.7,27:42.5,27:42.5,27:42.5
984,0.158650875,-0.105521202,27:52.9,27:52.7,27:52.7,27:52.7
985,0.160838604,-0.103103399,28:03.0,28:02.8,28:02.8,28:02.9
986,0.175228119,-0.11289072,28:13.2,28:13.0,28:13.0,28:13.0
987,0.166980028,-0.108421683,28:23.4,28:23.2,28:23.2,28:23.2
988,0.160058975,-0.103993416,28:33.5,28:33.4,28:33.4,28:33.4
989,0.162429571,-0.105237603,28:43.7,28:43.5,28:43.5,28:43.5
990,0.209704638,-0.128794074,28:53.9,28:53.7,28:53.7,28:53.7
991,0.160776138,-0.103875637,29:04.1,29:03.9,29:03.9,29:03.9
992timeout,,,,,,
993,0.239838123,-0.000189304,29:27.3,29:27.2,29:27.2,29:27.1
994,0.022516012,-0.107668042,29:37.4,29:37.2,29:37.2,29:37.3
995,0.026831865,-0.105514169,29:47.4,29:47.3,29:47.3,29:47.4
996,0.022156,-0.108094811,29:57.4,29:57.3,29:57.3,29:57.4
997,0.027677774,-0.111109853,30:07.4,30:07.3,30:07.3,30:07.4
998,0.029675484,-0.108125687,30:17.5,30:17.4,30:17.4,30:17.5
999,0.021009922,-0.107306004,30:27.5,30:27.4,30:27.4,30:27.5
1000,0.022133112,-0.107778907,30:37.5,30:37.4,30:37.4,30:37.5